name,path,label
1.wav,./raw_data/positive/1.wav,positive
10.wav,./raw_data/positive/10.wav,positive
100.wav,./raw_data/positive/100.wav,positive
101.wav,./raw_data/positive/101.wav,positive
102.wav,./raw_data/positive/102.wav,positive
103.wav,./raw_data/positive/103.wav,positive
104.wav,./raw_data/positive/104.wav,positive
105.wav,./raw_data/positive/105.wav,positive
106.wav,./raw_data/positive/106.wav,positive
107.wav,./raw_data/positive/107.wav,positive
108.wav,./raw_data/positive/108.wav,positive
109.wav,./raw_data/positive/109.wav,positive
11.wav,./raw_data/positive/11.wav,positive
110.wav,./raw_data/positive/110.wav,positive
111.wav,./raw_data/positive/111.wav,positive
112.wav,./raw_data/positive/112.wav,positive
113.wav,./raw_data/positive/113.wav,positive
114.wav,./raw_data/positive/114.wav,positive
115.wav,./raw_data/positive/115.wav,positive
116.wav,./raw_data/positive/116.wav,positive
117.wav,./raw_data/positive/117.wav,positive
118.wav,./raw_data/positive/118.wav,positive
119.wav,./raw_data/positive/119.wav,positive
12.wav,./raw_data/positive/12.wav,positive
120.wav,./raw_data/positive/120.wav,positive
121.wav,./raw_data/positive/121.wav,positive
122.wav,./raw_data/positive/122.wav,positive
123.wav,./raw_data/positive/123.wav,positive
124.wav,./raw_data/positive/124.wav,positive
125.wav,./raw_data/positive/125.wav,positive
126.wav,./raw_data/positive/126.wav,positive
127.wav,./raw_data/positive/127.wav,positive
128.wav,./raw_data/positive/128.wav,positive
129.wav,./raw_data/positive/129.wav,positive
13.wav,./raw_data/positive/13.wav,positive
130.wav,./raw_data/positive/130.wav,positive
131.wav,./raw_data/positive/131.wav,positive
132.wav,./raw_data/positive/132.wav,positive
133.wav,./raw_data/positive/133.wav,positive
134.wav,./raw_data/positive/134.wav,positive
135.wav,./raw_data/positive/135.wav,positive
136.wav,./raw_data/positive/136.wav,positive
137.wav,./raw_data/positive/137.wav,positive
138.wav,./raw_data/positive/138.wav,positive
139.wav,./raw_data/positive/139.wav,positive
14.wav,./raw_data/positive/14.wav,positive
140.wav,./raw_data/positive/140.wav,positive
141.wav,./raw_data/positive/141.wav,positive
142.wav,./raw_data/positive/142.wav,positive
143.wav,./raw_data/positive/143.wav,positive
144.wav,./raw_data/positive/144.wav,positive
145.wav,./raw_data/positive/145.wav,positive
146.wav,./raw_data/positive/146.wav,positive
147.wav,./raw_data/positive/147.wav,positive
148.wav,./raw_data/positive/148.wav,positive
149.wav,./raw_data/positive/149.wav,positive
15.wav,./raw_data/positive/15.wav,positive
150.wav,./raw_data/positive/150.wav,positive
151.wav,./raw_data/positive/151.wav,positive
152.wav,./raw_data/positive/152.wav,positive
153.wav,./raw_data/positive/153.wav,positive
154.wav,./raw_data/positive/154.wav,positive
155.wav,./raw_data/positive/155.wav,positive
156.wav,./raw_data/positive/156.wav,positive
157.wav,./raw_data/positive/157.wav,positive
158.wav,./raw_data/positive/158.wav,positive
159.wav,./raw_data/positive/159.wav,positive
16.wav,./raw_data/positive/16.wav,positive
160.wav,./raw_data/positive/160.wav,positive
161.wav,./raw_data/positive/161.wav,positive
162.wav,./raw_data/positive/162.wav,positive
163.wav,./raw_data/positive/163.wav,positive
164.wav,./raw_data/positive/164.wav,positive
165.wav,./raw_data/positive/165.wav,positive
166.wav,./raw_data/positive/166.wav,positive
167.wav,./raw_data/positive/167.wav,positive
168.wav,./raw_data/positive/168.wav,positive
169.wav,./raw_data/positive/169.wav,positive
17.wav,./raw_data/positive/17.wav,positive
170.wav,./raw_data/positive/170.wav,positive
171.wav,./raw_data/positive/171.wav,positive
172.wav,./raw_data/positive/172.wav,positive
173.wav,./raw_data/positive/173.wav,positive
174.wav,./raw_data/positive/174.wav,positive
175.wav,./raw_data/positive/175.wav,positive
176.wav,./raw_data/positive/176.wav,positive
177.wav,./raw_data/positive/177.wav,positive
178.wav,./raw_data/positive/178.wav,positive
179.wav,./raw_data/positive/179.wav,positive
18.wav,./raw_data/positive/18.wav,positive
180.wav,./raw_data/positive/180.wav,positive
181.wav,./raw_data/positive/181.wav,positive
182.wav,./raw_data/positive/182.wav,positive
183.wav,./raw_data/positive/183.wav,positive
184.wav,./raw_data/positive/184.wav,positive
185.wav,./raw_data/positive/185.wav,positive
186.wav,./raw_data/positive/186.wav,positive
187.wav,./raw_data/positive/187.wav,positive
188.wav,./raw_data/positive/188.wav,positive
189.wav,./raw_data/positive/189.wav,positive
19.wav,./raw_data/positive/19.wav,positive
190.wav,./raw_data/positive/190.wav,positive
191.wav,./raw_data/positive/191.wav,positive
192.wav,./raw_data/positive/192.wav,positive
193.wav,./raw_data/positive/193.wav,positive
194.wav,./raw_data/positive/194.wav,positive
195.wav,./raw_data/positive/195.wav,positive
196.wav,./raw_data/positive/196.wav,positive
197.wav,./raw_data/positive/197.wav,positive
198.wav,./raw_data/positive/198.wav,positive
199.wav,./raw_data/positive/199.wav,positive
2.wav,./raw_data/positive/2.wav,positive
20.wav,./raw_data/positive/20.wav,positive
200.wav,./raw_data/positive/200.wav,positive
201.wav,./raw_data/positive/201.wav,positive
202.wav,./raw_data/positive/202.wav,positive
203.wav,./raw_data/positive/203.wav,positive
204.wav,./raw_data/positive/204.wav,positive
205.wav,./raw_data/positive/205.wav,positive
206.wav,./raw_data/positive/206.wav,positive
207.wav,./raw_data/positive/207.wav,positive
208.wav,./raw_data/positive/208.wav,positive
209.wav,./raw_data/positive/209.wav,positive
21.wav,./raw_data/positive/21.wav,positive
210.wav,./raw_data/positive/210.wav,positive
211.wav,./raw_data/positive/211.wav,positive
212.wav,./raw_data/positive/212.wav,positive
213.wav,./raw_data/positive/213.wav,positive
214.wav,./raw_data/positive/214.wav,positive
215.wav,./raw_data/positive/215.wav,positive
216.wav,./raw_data/positive/216.wav,positive
217.wav,./raw_data/positive/217.wav,positive
218.wav,./raw_data/positive/218.wav,positive
219.wav,./raw_data/positive/219.wav,positive
22.wav,./raw_data/positive/22.wav,positive
220.wav,./raw_data/positive/220.wav,positive
221.wav,./raw_data/positive/221.wav,positive
222.wav,./raw_data/positive/222.wav,positive
223.wav,./raw_data/positive/223.wav,positive
224.wav,./raw_data/positive/224.wav,positive
225.wav,./raw_data/positive/225.wav,positive
226.wav,./raw_data/positive/226.wav,positive
227.wav,./raw_data/positive/227.wav,positive
228.wav,./raw_data/positive/228.wav,positive
229.wav,./raw_data/positive/229.wav,positive
23.wav,./raw_data/positive/23.wav,positive
230.wav,./raw_data/positive/230.wav,positive
231.wav,./raw_data/positive/231.wav,positive
232.wav,./raw_data/positive/232.wav,positive
233.wav,./raw_data/positive/233.wav,positive
234.wav,./raw_data/positive/234.wav,positive
235.wav,./raw_data/positive/235.wav,positive
236.wav,./raw_data/positive/236.wav,positive
237.wav,./raw_data/positive/237.wav,positive
238.wav,./raw_data/positive/238.wav,positive
239.wav,./raw_data/positive/239.wav,positive
24.wav,./raw_data/positive/24.wav,positive
240.wav,./raw_data/positive/240.wav,positive
241.wav,./raw_data/positive/241.wav,positive
242.wav,./raw_data/positive/242.wav,positive
243.wav,./raw_data/positive/243.wav,positive
244.wav,./raw_data/positive/244.wav,positive
245.wav,./raw_data/positive/245.wav,positive
246.wav,./raw_data/positive/246.wav,positive
247.wav,./raw_data/positive/247.wav,positive
248.wav,./raw_data/positive/248.wav,positive
249.wav,./raw_data/positive/249.wav,positive
25.wav,./raw_data/positive/25.wav,positive
250.wav,./raw_data/positive/250.wav,positive
251.wav,./raw_data/positive/251.wav,positive
252.wav,./raw_data/positive/252.wav,positive
253.wav,./raw_data/positive/253.wav,positive
254.wav,./raw_data/positive/254.wav,positive
255.wav,./raw_data/positive/255.wav,positive
256.wav,./raw_data/positive/256.wav,positive
257.wav,./raw_data/positive/257.wav,positive
258.wav,./raw_data/positive/258.wav,positive
259.wav,./raw_data/positive/259.wav,positive
26.wav,./raw_data/positive/26.wav,positive
260.wav,./raw_data/positive/260.wav,positive
261.wav,./raw_data/positive/261.wav,positive
262.wav,./raw_data/positive/262.wav,positive
263.wav,./raw_data/positive/263.wav,positive
264.wav,./raw_data/positive/264.wav,positive
265.wav,./raw_data/positive/265.wav,positive
266.wav,./raw_data/positive/266.wav,positive
267.wav,./raw_data/positive/267.wav,positive
268.wav,./raw_data/positive/268.wav,positive
269.wav,./raw_data/positive/269.wav,positive
27.wav,./raw_data/positive/27.wav,positive
270.wav,./raw_data/positive/270.wav,positive
271.wav,./raw_data/positive/271.wav,positive
272.wav,./raw_data/positive/272.wav,positive
273.wav,./raw_data/positive/273.wav,positive
274.wav,./raw_data/positive/274.wav,positive
275.wav,./raw_data/positive/275.wav,positive
276.wav,./raw_data/positive/276.wav,positive
277.wav,./raw_data/positive/277.wav,positive
278.wav,./raw_data/positive/278.wav,positive
279.wav,./raw_data/positive/279.wav,positive
28.wav,./raw_data/positive/28.wav,positive
280.wav,./raw_data/positive/280.wav,positive
281.wav,./raw_data/positive/281.wav,positive
282.wav,./raw_data/positive/282.wav,positive
283.wav,./raw_data/positive/283.wav,positive
284.wav,./raw_data/positive/284.wav,positive
285.wav,./raw_data/positive/285.wav,positive
286.wav,./raw_data/positive/286.wav,positive
287.wav,./raw_data/positive/287.wav,positive
288.wav,./raw_data/positive/288.wav,positive
289.wav,./raw_data/positive/289.wav,positive
29.wav,./raw_data/positive/29.wav,positive
290.wav,./raw_data/positive/290.wav,positive
291.wav,./raw_data/positive/291.wav,positive
292.wav,./raw_data/positive/292.wav,positive
293.wav,./raw_data/positive/293.wav,positive
294.wav,./raw_data/positive/294.wav,positive
295.wav,./raw_data/positive/295.wav,positive
296.wav,./raw_data/positive/296.wav,positive
297.wav,./raw_data/positive/297.wav,positive
298.wav,./raw_data/positive/298.wav,positive
299.wav,./raw_data/positive/299.wav,positive
3.wav,./raw_data/positive/3.wav,positive
30.wav,./raw_data/positive/30.wav,positive
300.wav,./raw_data/positive/300.wav,positive
301.wav,./raw_data/positive/301.wav,positive
302.wav,./raw_data/positive/302.wav,positive
303.wav,./raw_data/positive/303.wav,positive
304.wav,./raw_data/positive/304.wav,positive
305.wav,./raw_data/positive/305.wav,positive
306.wav,./raw_data/positive/306.wav,positive
307.wav,./raw_data/positive/307.wav,positive
308.wav,./raw_data/positive/308.wav,positive
309.wav,./raw_data/positive/309.wav,positive
31.wav,./raw_data/positive/31.wav,positive
310.wav,./raw_data/positive/310.wav,positive
311.wav,./raw_data/positive/311.wav,positive
312.wav,./raw_data/positive/312.wav,positive
313.wav,./raw_data/positive/313.wav,positive
314.wav,./raw_data/positive/314.wav,positive
315.wav,./raw_data/positive/315.wav,positive
316.wav,./raw_data/positive/316.wav,positive
317.wav,./raw_data/positive/317.wav,positive
318.wav,./raw_data/positive/318.wav,positive
319.wav,./raw_data/positive/319.wav,positive
32.wav,./raw_data/positive/32.wav,positive
320.wav,./raw_data/positive/320.wav,positive
321.wav,./raw_data/positive/321.wav,positive
322.wav,./raw_data/positive/322.wav,positive
323.wav,./raw_data/positive/323.wav,positive
324.wav,./raw_data/positive/324.wav,positive
325.wav,./raw_data/positive/325.wav,positive
326.wav,./raw_data/positive/326.wav,positive
327.wav,./raw_data/positive/327.wav,positive
328.wav,./raw_data/positive/328.wav,positive
329.wav,./raw_data/positive/329.wav,positive
33.wav,./raw_data/positive/33.wav,positive
330.wav,./raw_data/positive/330.wav,positive
331.wav,./raw_data/positive/331.wav,positive
332.wav,./raw_data/positive/332.wav,positive
333.wav,./raw_data/positive/333.wav,positive
334.wav,./raw_data/positive/334.wav,positive
335.wav,./raw_data/positive/335.wav,positive
336.wav,./raw_data/positive/336.wav,positive
337.wav,./raw_data/positive/337.wav,positive
338.wav,./raw_data/positive/338.wav,positive
339.wav,./raw_data/positive/339.wav,positive
34.wav,./raw_data/positive/34.wav,positive
340.wav,./raw_data/positive/340.wav,positive
341.wav,./raw_data/positive/341.wav,positive
342.wav,./raw_data/positive/342.wav,positive
343.wav,./raw_data/positive/343.wav,positive
344.wav,./raw_data/positive/344.wav,positive
345.wav,./raw_data/positive/345.wav,positive
346.wav,./raw_data/positive/346.wav,positive
347.wav,./raw_data/positive/347.wav,positive
348.wav,./raw_data/positive/348.wav,positive
349.wav,./raw_data/positive/349.wav,positive
35.wav,./raw_data/positive/35.wav,positive
350.wav,./raw_data/positive/350.wav,positive
351.wav,./raw_data/positive/351.wav,positive
352.wav,./raw_data/positive/352.wav,positive
353.wav,./raw_data/positive/353.wav,positive
354.wav,./raw_data/positive/354.wav,positive
355.wav,./raw_data/positive/355.wav,positive
356.wav,./raw_data/positive/356.wav,positive
357.wav,./raw_data/positive/357.wav,positive
358.wav,./raw_data/positive/358.wav,positive
359.wav,./raw_data/positive/359.wav,positive
36.wav,./raw_data/positive/36.wav,positive
360.wav,./raw_data/positive/360.wav,positive
361.wav,./raw_data/positive/361.wav,positive
362.wav,./raw_data/positive/362.wav,positive
363.wav,./raw_data/positive/363.wav,positive
364.wav,./raw_data/positive/364.wav,positive
365.wav,./raw_data/positive/365.wav,positive
366.wav,./raw_data/positive/366.wav,positive
367.wav,./raw_data/positive/367.wav,positive
368.wav,./raw_data/positive/368.wav,positive
369.wav,./raw_data/positive/369.wav,positive
37.wav,./raw_data/positive/37.wav,positive
370.wav,./raw_data/positive/370.wav,positive
371.wav,./raw_data/positive/371.wav,positive
372.wav,./raw_data/positive/372.wav,positive
373.wav,./raw_data/positive/373.wav,positive
374.wav,./raw_data/positive/374.wav,positive
375.wav,./raw_data/positive/375.wav,positive
376.wav,./raw_data/positive/376.wav,positive
377.wav,./raw_data/positive/377.wav,positive
378.wav,./raw_data/positive/378.wav,positive
379.wav,./raw_data/positive/379.wav,positive
38.wav,./raw_data/positive/38.wav,positive
380.wav,./raw_data/positive/380.wav,positive
381.wav,./raw_data/positive/381.wav,positive
382.wav,./raw_data/positive/382.wav,positive
383.wav,./raw_data/positive/383.wav,positive
384.wav,./raw_data/positive/384.wav,positive
385.wav,./raw_data/positive/385.wav,positive
386.wav,./raw_data/positive/386.wav,positive
387.wav,./raw_data/positive/387.wav,positive
388.wav,./raw_data/positive/388.wav,positive
389.wav,./raw_data/positive/389.wav,positive
39.wav,./raw_data/positive/39.wav,positive
390.wav,./raw_data/positive/390.wav,positive
391.wav,./raw_data/positive/391.wav,positive
392.wav,./raw_data/positive/392.wav,positive
393.wav,./raw_data/positive/393.wav,positive
394.wav,./raw_data/positive/394.wav,positive
395.wav,./raw_data/positive/395.wav,positive
396.wav,./raw_data/positive/396.wav,positive
397.wav,./raw_data/positive/397.wav,positive
398.wav,./raw_data/positive/398.wav,positive
399.wav,./raw_data/positive/399.wav,positive
4.wav,./raw_data/positive/4.wav,positive
40.wav,./raw_data/positive/40.wav,positive
400.wav,./raw_data/positive/400.wav,positive
401.wav,./raw_data/positive/401.wav,positive
402.wav,./raw_data/positive/402.wav,positive
403.wav,./raw_data/positive/403.wav,positive
404.wav,./raw_data/positive/404.wav,positive
405.wav,./raw_data/positive/405.wav,positive
406.wav,./raw_data/positive/406.wav,positive
407.wav,./raw_data/positive/407.wav,positive
408.wav,./raw_data/positive/408.wav,positive
409.wav,./raw_data/positive/409.wav,positive
41.wav,./raw_data/positive/41.wav,positive
410.wav,./raw_data/positive/410.wav,positive
411.wav,./raw_data/positive/411.wav,positive
412.wav,./raw_data/positive/412.wav,positive
413.wav,./raw_data/positive/413.wav,positive
414.wav,./raw_data/positive/414.wav,positive
415.wav,./raw_data/positive/415.wav,positive
416.wav,./raw_data/positive/416.wav,positive
417.wav,./raw_data/positive/417.wav,positive
418.wav,./raw_data/positive/418.wav,positive
419.wav,./raw_data/positive/419.wav,positive
42.wav,./raw_data/positive/42.wav,positive
420.wav,./raw_data/positive/420.wav,positive
421.wav,./raw_data/positive/421.wav,positive
422.wav,./raw_data/positive/422.wav,positive
423.wav,./raw_data/positive/423.wav,positive
424.wav,./raw_data/positive/424.wav,positive
425.wav,./raw_data/positive/425.wav,positive
426.wav,./raw_data/positive/426.wav,positive
427.wav,./raw_data/positive/427.wav,positive
428.wav,./raw_data/positive/428.wav,positive
429.wav,./raw_data/positive/429.wav,positive
43.wav,./raw_data/positive/43.wav,positive
430.wav,./raw_data/positive/430.wav,positive
431.wav,./raw_data/positive/431.wav,positive
432.wav,./raw_data/positive/432.wav,positive
433.wav,./raw_data/positive/433.wav,positive
434.wav,./raw_data/positive/434.wav,positive
435.wav,./raw_data/positive/435.wav,positive
436.wav,./raw_data/positive/436.wav,positive
437.wav,./raw_data/positive/437.wav,positive
438.wav,./raw_data/positive/438.wav,positive
439.wav,./raw_data/positive/439.wav,positive
44.wav,./raw_data/positive/44.wav,positive
440.wav,./raw_data/positive/440.wav,positive
441.wav,./raw_data/positive/441.wav,positive
442.wav,./raw_data/positive/442.wav,positive
443.wav,./raw_data/positive/443.wav,positive
444.wav,./raw_data/positive/444.wav,positive
445.wav,./raw_data/positive/445.wav,positive
446.wav,./raw_data/positive/446.wav,positive
447.wav,./raw_data/positive/447.wav,positive
448.wav,./raw_data/positive/448.wav,positive
449.wav,./raw_data/positive/449.wav,positive
45.wav,./raw_data/positive/45.wav,positive
450.wav,./raw_data/positive/450.wav,positive
451.wav,./raw_data/positive/451.wav,positive
452.wav,./raw_data/positive/452.wav,positive
453.wav,./raw_data/positive/453.wav,positive
454.wav,./raw_data/positive/454.wav,positive
455.wav,./raw_data/positive/455.wav,positive
456.wav,./raw_data/positive/456.wav,positive
457.wav,./raw_data/positive/457.wav,positive
458.wav,./raw_data/positive/458.wav,positive
459.wav,./raw_data/positive/459.wav,positive
46.wav,./raw_data/positive/46.wav,positive
460.wav,./raw_data/positive/460.wav,positive
461.wav,./raw_data/positive/461.wav,positive
462.wav,./raw_data/positive/462.wav,positive
463.wav,./raw_data/positive/463.wav,positive
464.wav,./raw_data/positive/464.wav,positive
465.wav,./raw_data/positive/465.wav,positive
466.wav,./raw_data/positive/466.wav,positive
467.wav,./raw_data/positive/467.wav,positive
468.wav,./raw_data/positive/468.wav,positive
469.wav,./raw_data/positive/469.wav,positive
47.wav,./raw_data/positive/47.wav,positive
470.wav,./raw_data/positive/470.wav,positive
471.wav,./raw_data/positive/471.wav,positive
472.wav,./raw_data/positive/472.wav,positive
473.wav,./raw_data/positive/473.wav,positive
474.wav,./raw_data/positive/474.wav,positive
475.wav,./raw_data/positive/475.wav,positive
476.wav,./raw_data/positive/476.wav,positive
477.wav,./raw_data/positive/477.wav,positive
478.wav,./raw_data/positive/478.wav,positive
48.wav,./raw_data/positive/48.wav,positive
49.wav,./raw_data/positive/49.wav,positive
5.wav,./raw_data/positive/5.wav,positive
50.wav,./raw_data/positive/50.wav,positive
51.wav,./raw_data/positive/51.wav,positive
52.wav,./raw_data/positive/52.wav,positive
53.wav,./raw_data/positive/53.wav,positive
54.wav,./raw_data/positive/54.wav,positive
55.wav,./raw_data/positive/55.wav,positive
56.wav,./raw_data/positive/56.wav,positive
57.wav,./raw_data/positive/57.wav,positive
58.wav,./raw_data/positive/58.wav,positive
59.wav,./raw_data/positive/59.wav,positive
6.wav,./raw_data/positive/6.wav,positive
60.wav,./raw_data/positive/60.wav,positive
61.wav,./raw_data/positive/61.wav,positive
62.wav,./raw_data/positive/62.wav,positive
63.wav,./raw_data/positive/63.wav,positive
64.wav,./raw_data/positive/64.wav,positive
65.wav,./raw_data/positive/65.wav,positive
66.wav,./raw_data/positive/66.wav,positive
67.wav,./raw_data/positive/67.wav,positive
68.wav,./raw_data/positive/68.wav,positive
69.wav,./raw_data/positive/69.wav,positive
7.wav,./raw_data/positive/7.wav,positive
70.wav,./raw_data/positive/70.wav,positive
71.wav,./raw_data/positive/71.wav,positive
72.wav,./raw_data/positive/72.wav,positive
73.wav,./raw_data/positive/73.wav,positive
74.wav,./raw_data/positive/74.wav,positive
75.wav,./raw_data/positive/75.wav,positive
76.wav,./raw_data/positive/76.wav,positive
77.wav,./raw_data/positive/77.wav,positive
78.wav,./raw_data/positive/78.wav,positive
79.wav,./raw_data/positive/79.wav,positive
8.wav,./raw_data/positive/8.wav,positive
80.wav,./raw_data/positive/80.wav,positive
81.wav,./raw_data/positive/81.wav,positive
82.wav,./raw_data/positive/82.wav,positive
83.wav,./raw_data/positive/83.wav,positive
84.wav,./raw_data/positive/84.wav,positive
85.wav,./raw_data/positive/85.wav,positive
86.wav,./raw_data/positive/86.wav,positive
87.wav,./raw_data/positive/87.wav,positive
88.wav,./raw_data/positive/88.wav,positive
89.wav,./raw_data/positive/89.wav,positive
9.wav,./raw_data/positive/9.wav,positive
90.wav,./raw_data/positive/90.wav,positive
91.wav,./raw_data/positive/91.wav,positive
92.wav,./raw_data/positive/92.wav,positive
93.wav,./raw_data/positive/93.wav,positive
94.wav,./raw_data/positive/94.wav,positive
95.wav,./raw_data/positive/95.wav,positive
96.wav,./raw_data/positive/96.wav,positive
97.wav,./raw_data/positive/97.wav,positive
98.wav,./raw_data/positive/98.wav,positive
99.wav,./raw_data/positive/99.wav,positive
1.wav,./raw_data/negative/1.wav,negative
10.wav,./raw_data/negative/10.wav,negative
100.wav,./raw_data/negative/100.wav,negative
101.wav,./raw_data/negative/101.wav,negative
102.wav,./raw_data/negative/102.wav,negative
103.wav,./raw_data/negative/103.wav,negative
104.wav,./raw_data/negative/104.wav,negative
105.wav,./raw_data/negative/105.wav,negative
106.wav,./raw_data/negative/106.wav,negative
107.wav,./raw_data/negative/107.wav,negative
108.wav,./raw_data/negative/108.wav,negative
109.wav,./raw_data/negative/109.wav,negative
11.wav,./raw_data/negative/11.wav,negative
110.wav,./raw_data/negative/110.wav,negative
111.wav,./raw_data/negative/111.wav,negative
112.wav,./raw_data/negative/112.wav,negative
113.wav,./raw_data/negative/113.wav,negative
114.wav,./raw_data/negative/114.wav,negative
115.wav,./raw_data/negative/115.wav,negative
116.wav,./raw_data/negative/116.wav,negative
117.wav,./raw_data/negative/117.wav,negative
118.wav,./raw_data/negative/118.wav,negative
119.wav,./raw_data/negative/119.wav,negative
12.wav,./raw_data/negative/12.wav,negative
120.wav,./raw_data/negative/120.wav,negative
121.wav,./raw_data/negative/121.wav,negative
122.wav,./raw_data/negative/122.wav,negative
123.wav,./raw_data/negative/123.wav,negative
124.wav,./raw_data/negative/124.wav,negative
125.wav,./raw_data/negative/125.wav,negative
126.wav,./raw_data/negative/126.wav,negative
127.wav,./raw_data/negative/127.wav,negative
128.wav,./raw_data/negative/128.wav,negative
129.wav,./raw_data/negative/129.wav,negative
13.wav,./raw_data/negative/13.wav,negative
130.wav,./raw_data/negative/130.wav,negative
131.wav,./raw_data/negative/131.wav,negative
132.wav,./raw_data/negative/132.wav,negative
133.wav,./raw_data/negative/133.wav,negative
134.wav,./raw_data/negative/134.wav,negative
135.wav,./raw_data/negative/135.wav,negative
136.wav,./raw_data/negative/136.wav,negative
137.wav,./raw_data/negative/137.wav,negative
138.wav,./raw_data/negative/138.wav,negative
139.wav,./raw_data/negative/139.wav,negative
14.wav,./raw_data/negative/14.wav,negative
140.wav,./raw_data/negative/140.wav,negative
141.wav,./raw_data/negative/141.wav,negative
142.wav,./raw_data/negative/142.wav,negative
143.wav,./raw_data/negative/143.wav,negative
144.wav,./raw_data/negative/144.wav,negative
145.wav,./raw_data/negative/145.wav,negative
146.wav,./raw_data/negative/146.wav,negative
147.wav,./raw_data/negative/147.wav,negative
148.wav,./raw_data/negative/148.wav,negative
149.wav,./raw_data/negative/149.wav,negative
15.wav,./raw_data/negative/15.wav,negative
150.wav,./raw_data/negative/150.wav,negative
151.wav,./raw_data/negative/151.wav,negative
152.wav,./raw_data/negative/152.wav,negative
153.wav,./raw_data/negative/153.wav,negative
154.wav,./raw_data/negative/154.wav,negative
155.wav,./raw_data/negative/155.wav,negative
156.wav,./raw_data/negative/156.wav,negative
157.wav,./raw_data/negative/157.wav,negative
158.wav,./raw_data/negative/158.wav,negative
159.wav,./raw_data/negative/159.wav,negative
16.wav,./raw_data/negative/16.wav,negative
160.wav,./raw_data/negative/160.wav,negative
161.wav,./raw_data/negative/161.wav,negative
162.wav,./raw_data/negative/162.wav,negative
163.wav,./raw_data/negative/163.wav,negative
164.wav,./raw_data/negative/164.wav,negative
165.wav,./raw_data/negative/165.wav,negative
166.wav,./raw_data/negative/166.wav,negative
167.wav,./raw_data/negative/167.wav,negative
168.wav,./raw_data/negative/168.wav,negative
169.wav,./raw_data/negative/169.wav,negative
17.wav,./raw_data/negative/17.wav,negative
170.wav,./raw_data/negative/170.wav,negative
171.wav,./raw_data/negative/171.wav,negative
172.wav,./raw_data/negative/172.wav,negative
173.wav,./raw_data/negative/173.wav,negative
174.wav,./raw_data/negative/174.wav,negative
175.wav,./raw_data/negative/175.wav,negative
176.wav,./raw_data/negative/176.wav,negative
177.wav,./raw_data/negative/177.wav,negative
178.wav,./raw_data/negative/178.wav,negative
179.wav,./raw_data/negative/179.wav,negative
18.wav,./raw_data/negative/18.wav,negative
180.wav,./raw_data/negative/180.wav,negative
181.wav,./raw_data/negative/181.wav,negative
182.wav,./raw_data/negative/182.wav,negative
183.wav,./raw_data/negative/183.wav,negative
184.wav,./raw_data/negative/184.wav,negative
185.wav,./raw_data/negative/185.wav,negative
186.wav,./raw_data/negative/186.wav,negative
187.wav,./raw_data/negative/187.wav,negative
188.wav,./raw_data/negative/188.wav,negative
189.wav,./raw_data/negative/189.wav,negative
19.wav,./raw_data/negative/19.wav,negative
190.wav,./raw_data/negative/190.wav,negative
191.wav,./raw_data/negative/191.wav,negative
192.wav,./raw_data/negative/192.wav,negative
193.wav,./raw_data/negative/193.wav,negative
194.wav,./raw_data/negative/194.wav,negative
195.wav,./raw_data/negative/195.wav,negative
196.wav,./raw_data/negative/196.wav,negative
197.wav,./raw_data/negative/197.wav,negative
198.wav,./raw_data/negative/198.wav,negative
199.wav,./raw_data/negative/199.wav,negative
2.wav,./raw_data/negative/2.wav,negative
20.wav,./raw_data/negative/20.wav,negative
200.wav,./raw_data/negative/200.wav,negative
201.wav,./raw_data/negative/201.wav,negative
202.wav,./raw_data/negative/202.wav,negative
203.wav,./raw_data/negative/203.wav,negative
204.wav,./raw_data/negative/204.wav,negative
205.wav,./raw_data/negative/205.wav,negative
206.wav,./raw_data/negative/206.wav,negative
207.wav,./raw_data/negative/207.wav,negative
208.wav,./raw_data/negative/208.wav,negative
209.wav,./raw_data/negative/209.wav,negative
21.wav,./raw_data/negative/21.wav,negative
210.wav,./raw_data/negative/210.wav,negative
211.wav,./raw_data/negative/211.wav,negative
212.wav,./raw_data/negative/212.wav,negative
213.wav,./raw_data/negative/213.wav,negative
214.wav,./raw_data/negative/214.wav,negative
215.wav,./raw_data/negative/215.wav,negative
216.wav,./raw_data/negative/216.wav,negative
217.wav,./raw_data/negative/217.wav,negative
218.wav,./raw_data/negative/218.wav,negative
219.wav,./raw_data/negative/219.wav,negative
22.wav,./raw_data/negative/22.wav,negative
220.wav,./raw_data/negative/220.wav,negative
221.wav,./raw_data/negative/221.wav,negative
222.wav,./raw_data/negative/222.wav,negative
223.wav,./raw_data/negative/223.wav,negative
224.wav,./raw_data/negative/224.wav,negative
225.wav,./raw_data/negative/225.wav,negative
226.wav,./raw_data/negative/226.wav,negative
227.wav,./raw_data/negative/227.wav,negative
228.wav,./raw_data/negative/228.wav,negative
229.wav,./raw_data/negative/229.wav,negative
23.wav,./raw_data/negative/23.wav,negative
230.wav,./raw_data/negative/230.wav,negative
231.wav,./raw_data/negative/231.wav,negative
232.wav,./raw_data/negative/232.wav,negative
233.wav,./raw_data/negative/233.wav,negative
234.wav,./raw_data/negative/234.wav,negative
235.wav,./raw_data/negative/235.wav,negative
236.wav,./raw_data/negative/236.wav,negative
237.wav,./raw_data/negative/237.wav,negative
238.wav,./raw_data/negative/238.wav,negative
239.wav,./raw_data/negative/239.wav,negative
24.wav,./raw_data/negative/24.wav,negative
240.wav,./raw_data/negative/240.wav,negative
241.wav,./raw_data/negative/241.wav,negative
242.wav,./raw_data/negative/242.wav,negative
243.wav,./raw_data/negative/243.wav,negative
244.wav,./raw_data/negative/244.wav,negative
245.wav,./raw_data/negative/245.wav,negative
246.wav,./raw_data/negative/246.wav,negative
247.wav,./raw_data/negative/247.wav,negative
248.wav,./raw_data/negative/248.wav,negative
249.wav,./raw_data/negative/249.wav,negative
25.wav,./raw_data/negative/25.wav,negative
250.wav,./raw_data/negative/250.wav,negative
251.wav,./raw_data/negative/251.wav,negative
252.wav,./raw_data/negative/252.wav,negative
253.wav,./raw_data/negative/253.wav,negative
254.wav,./raw_data/negative/254.wav,negative
255.wav,./raw_data/negative/255.wav,negative
256.wav,./raw_data/negative/256.wav,negative
257.wav,./raw_data/negative/257.wav,negative
258.wav,./raw_data/negative/258.wav,negative
259.wav,./raw_data/negative/259.wav,negative
26.wav,./raw_data/negative/26.wav,negative
260.wav,./raw_data/negative/260.wav,negative
261.wav,./raw_data/negative/261.wav,negative
262.wav,./raw_data/negative/262.wav,negative
263.wav,./raw_data/negative/263.wav,negative
264.wav,./raw_data/negative/264.wav,negative
265.wav,./raw_data/negative/265.wav,negative
266.wav,./raw_data/negative/266.wav,negative
267.wav,./raw_data/negative/267.wav,negative
268.wav,./raw_data/negative/268.wav,negative
269.wav,./raw_data/negative/269.wav,negative
27.wav,./raw_data/negative/27.wav,negative
270.wav,./raw_data/negative/270.wav,negative
271.wav,./raw_data/negative/271.wav,negative
272.wav,./raw_data/negative/272.wav,negative
273.wav,./raw_data/negative/273.wav,negative
274.wav,./raw_data/negative/274.wav,negative
275.wav,./raw_data/negative/275.wav,negative
276.wav,./raw_data/negative/276.wav,negative
277.wav,./raw_data/negative/277.wav,negative
278.wav,./raw_data/negative/278.wav,negative
279.wav,./raw_data/negative/279.wav,negative
28.wav,./raw_data/negative/28.wav,negative
280.wav,./raw_data/negative/280.wav,negative
281.wav,./raw_data/negative/281.wav,negative
282.wav,./raw_data/negative/282.wav,negative
283.wav,./raw_data/negative/283.wav,negative
284.wav,./raw_data/negative/284.wav,negative
285.wav,./raw_data/negative/285.wav,negative
286.wav,./raw_data/negative/286.wav,negative
287.wav,./raw_data/negative/287.wav,negative
288.wav,./raw_data/negative/288.wav,negative
289.wav,./raw_data/negative/289.wav,negative
29.wav,./raw_data/negative/29.wav,negative
290.wav,./raw_data/negative/290.wav,negative
291.wav,./raw_data/negative/291.wav,negative
292.wav,./raw_data/negative/292.wav,negative
293.wav,./raw_data/negative/293.wav,negative
294.wav,./raw_data/negative/294.wav,negative
295.wav,./raw_data/negative/295.wav,negative
296.wav,./raw_data/negative/296.wav,negative
297.wav,./raw_data/negative/297.wav,negative
298.wav,./raw_data/negative/298.wav,negative
299.wav,./raw_data/negative/299.wav,negative
3.wav,./raw_data/negative/3.wav,negative
30.wav,./raw_data/negative/30.wav,negative
300.wav,./raw_data/negative/300.wav,negative
301.wav,./raw_data/negative/301.wav,negative
302.wav,./raw_data/negative/302.wav,negative
303.wav,./raw_data/negative/303.wav,negative
304.wav,./raw_data/negative/304.wav,negative
305.wav,./raw_data/negative/305.wav,negative
306.wav,./raw_data/negative/306.wav,negative
307.wav,./raw_data/negative/307.wav,negative
308.wav,./raw_data/negative/308.wav,negative
309.wav,./raw_data/negative/309.wav,negative
31.wav,./raw_data/negative/31.wav,negative
310.wav,./raw_data/negative/310.wav,negative
311.wav,./raw_data/negative/311.wav,negative
312.wav,./raw_data/negative/312.wav,negative
313.wav,./raw_data/negative/313.wav,negative
314.wav,./raw_data/negative/314.wav,negative
315.wav,./raw_data/negative/315.wav,negative
316.wav,./raw_data/negative/316.wav,negative
317.wav,./raw_data/negative/317.wav,negative
318.wav,./raw_data/negative/318.wav,negative
319.wav,./raw_data/negative/319.wav,negative
32.wav,./raw_data/negative/32.wav,negative
320.wav,./raw_data/negative/320.wav,negative
321.wav,./raw_data/negative/321.wav,negative
322.wav,./raw_data/negative/322.wav,negative
323.wav,./raw_data/negative/323.wav,negative
324.wav,./raw_data/negative/324.wav,negative
325.wav,./raw_data/negative/325.wav,negative
326.wav,./raw_data/negative/326.wav,negative
327.wav,./raw_data/negative/327.wav,negative
328.wav,./raw_data/negative/328.wav,negative
329.wav,./raw_data/negative/329.wav,negative
33.wav,./raw_data/negative/33.wav,negative
330.wav,./raw_data/negative/330.wav,negative
331.wav,./raw_data/negative/331.wav,negative
332.wav,./raw_data/negative/332.wav,negative
333.wav,./raw_data/negative/333.wav,negative
334.wav,./raw_data/negative/334.wav,negative
335.wav,./raw_data/negative/335.wav,negative
336.wav,./raw_data/negative/336.wav,negative
337.wav,./raw_data/negative/337.wav,negative
338.wav,./raw_data/negative/338.wav,negative
339.wav,./raw_data/negative/339.wav,negative
34.wav,./raw_data/negative/34.wav,negative
340.wav,./raw_data/negative/340.wav,negative
341.wav,./raw_data/negative/341.wav,negative
342.wav,./raw_data/negative/342.wav,negative
343.wav,./raw_data/negative/343.wav,negative
344.wav,./raw_data/negative/344.wav,negative
345.wav,./raw_data/negative/345.wav,negative
346.wav,./raw_data/negative/346.wav,negative
347.wav,./raw_data/negative/347.wav,negative
348.wav,./raw_data/negative/348.wav,negative
349.wav,./raw_data/negative/349.wav,negative
35.wav,./raw_data/negative/35.wav,negative
350.wav,./raw_data/negative/350.wav,negative
351.wav,./raw_data/negative/351.wav,negative
352.wav,./raw_data/negative/352.wav,negative
353.wav,./raw_data/negative/353.wav,negative
354.wav,./raw_data/negative/354.wav,negative
355.wav,./raw_data/negative/355.wav,negative
356.wav,./raw_data/negative/356.wav,negative
357.wav,./raw_data/negative/357.wav,negative
358.wav,./raw_data/negative/358.wav,negative
359.wav,./raw_data/negative/359.wav,negative
36.wav,./raw_data/negative/36.wav,negative
360.wav,./raw_data/negative/360.wav,negative
361.wav,./raw_data/negative/361.wav,negative
362.wav,./raw_data/negative/362.wav,negative
363.wav,./raw_data/negative/363.wav,negative
364.wav,./raw_data/negative/364.wav,negative
365.wav,./raw_data/negative/365.wav,negative
366.wav,./raw_data/negative/366.wav,negative
367.wav,./raw_data/negative/367.wav,negative
368.wav,./raw_data/negative/368.wav,negative
369.wav,./raw_data/negative/369.wav,negative
37.wav,./raw_data/negative/37.wav,negative
370.wav,./raw_data/negative/370.wav,negative
371.wav,./raw_data/negative/371.wav,negative
372.wav,./raw_data/negative/372.wav,negative
373.wav,./raw_data/negative/373.wav,negative
374.wav,./raw_data/negative/374.wav,negative
375.wav,./raw_data/negative/375.wav,negative
376.wav,./raw_data/negative/376.wav,negative
377.wav,./raw_data/negative/377.wav,negative
378.wav,./raw_data/negative/378.wav,negative
379.wav,./raw_data/negative/379.wav,negative
38.wav,./raw_data/negative/38.wav,negative
380.wav,./raw_data/negative/380.wav,negative
381.wav,./raw_data/negative/381.wav,negative
382.wav,./raw_data/negative/382.wav,negative
383.wav,./raw_data/negative/383.wav,negative
384.wav,./raw_data/negative/384.wav,negative
385.wav,./raw_data/negative/385.wav,negative
386.wav,./raw_data/negative/386.wav,negative
387.wav,./raw_data/negative/387.wav,negative
388.wav,./raw_data/negative/388.wav,negative
389.wav,./raw_data/negative/389.wav,negative
39.wav,./raw_data/negative/39.wav,negative
390.wav,./raw_data/negative/390.wav,negative
391.wav,./raw_data/negative/391.wav,negative
392.wav,./raw_data/negative/392.wav,negative
393.wav,./raw_data/negative/393.wav,negative
394.wav,./raw_data/negative/394.wav,negative
395.wav,./raw_data/negative/395.wav,negative
396.wav,./raw_data/negative/396.wav,negative
397.wav,./raw_data/negative/397.wav,negative
398.wav,./raw_data/negative/398.wav,negative
399.wav,./raw_data/negative/399.wav,negative
4.wav,./raw_data/negative/4.wav,negative
40.wav,./raw_data/negative/40.wav,negative
400.wav,./raw_data/negative/400.wav,negative
401.wav,./raw_data/negative/401.wav,negative
402.wav,./raw_data/negative/402.wav,negative
403.wav,./raw_data/negative/403.wav,negative
404.wav,./raw_data/negative/404.wav,negative
405.wav,./raw_data/negative/405.wav,negative
406.wav,./raw_data/negative/406.wav,negative
407.wav,./raw_data/negative/407.wav,negative
408.wav,./raw_data/negative/408.wav,negative
409.wav,./raw_data/negative/409.wav,negative
41.wav,./raw_data/negative/41.wav,negative
410.wav,./raw_data/negative/410.wav,negative
411.wav,./raw_data/negative/411.wav,negative
412.wav,./raw_data/negative/412.wav,negative
413.wav,./raw_data/negative/413.wav,negative
414.wav,./raw_data/negative/414.wav,negative
415.wav,./raw_data/negative/415.wav,negative
416.wav,./raw_data/negative/416.wav,negative
417.wav,./raw_data/negative/417.wav,negative
418.wav,./raw_data/negative/418.wav,negative
419.wav,./raw_data/negative/419.wav,negative
42.wav,./raw_data/negative/42.wav,negative
420.wav,./raw_data/negative/420.wav,negative
421.wav,./raw_data/negative/421.wav,negative
422.wav,./raw_data/negative/422.wav,negative
423.wav,./raw_data/negative/423.wav,negative
424.wav,./raw_data/negative/424.wav,negative
425.wav,./raw_data/negative/425.wav,negative
426.wav,./raw_data/negative/426.wav,negative
427.wav,./raw_data/negative/427.wav,negative
428.wav,./raw_data/negative/428.wav,negative
429.wav,./raw_data/negative/429.wav,negative
43.wav,./raw_data/negative/43.wav,negative
430.wav,./raw_data/negative/430.wav,negative
431.wav,./raw_data/negative/431.wav,negative
432.wav,./raw_data/negative/432.wav,negative
433.wav,./raw_data/negative/433.wav,negative
434.wav,./raw_data/negative/434.wav,negative
435.wav,./raw_data/negative/435.wav,negative
436.wav,./raw_data/negative/436.wav,negative
437.wav,./raw_data/negative/437.wav,negative
438.wav,./raw_data/negative/438.wav,negative
439.wav,./raw_data/negative/439.wav,negative
44.wav,./raw_data/negative/44.wav,negative
440.wav,./raw_data/negative/440.wav,negative
441.wav,./raw_data/negative/441.wav,negative
442.wav,./raw_data/negative/442.wav,negative
443.wav,./raw_data/negative/443.wav,negative
444.wav,./raw_data/negative/444.wav,negative
445.wav,./raw_data/negative/445.wav,negative
446.wav,./raw_data/negative/446.wav,negative
447.wav,./raw_data/negative/447.wav,negative
448.wav,./raw_data/negative/448.wav,negative
449.wav,./raw_data/negative/449.wav,negative
45.wav,./raw_data/negative/45.wav,negative
450.wav,./raw_data/negative/450.wav,negative
451.wav,./raw_data/negative/451.wav,negative
452.wav,./raw_data/negative/452.wav,negative
453.wav,./raw_data/negative/453.wav,negative
454.wav,./raw_data/negative/454.wav,negative
455.wav,./raw_data/negative/455.wav,negative
456.wav,./raw_data/negative/456.wav,negative
457.wav,./raw_data/negative/457.wav,negative
458.wav,./raw_data/negative/458.wav,negative
459.wav,./raw_data/negative/459.wav,negative
46.wav,./raw_data/negative/46.wav,negative
460.wav,./raw_data/negative/460.wav,negative
461.wav,./raw_data/negative/461.wav,negative
462.wav,./raw_data/negative/462.wav,negative
463.wav,./raw_data/negative/463.wav,negative
464.wav,./raw_data/negative/464.wav,negative
465.wav,./raw_data/negative/465.wav,negative
466.wav,./raw_data/negative/466.wav,negative
467.wav,./raw_data/negative/467.wav,negative
468.wav,./raw_data/negative/468.wav,negative
469.wav,./raw_data/negative/469.wav,negative
47.wav,./raw_data/negative/47.wav,negative
470.wav,./raw_data/negative/470.wav,negative
471.wav,./raw_data/negative/471.wav,negative
472.wav,./raw_data/negative/472.wav,negative
473.wav,./raw_data/negative/473.wav,negative
474.wav,./raw_data/negative/474.wav,negative
475.wav,./raw_data/negative/475.wav,negative
476.wav,./raw_data/negative/476.wav,negative
477.wav,./raw_data/negative/477.wav,negative
478.wav,./raw_data/negative/478.wav,negative
479.wav,./raw_data/negative/479.wav,negative
48.wav,./raw_data/negative/48.wav,negative
480.wav,./raw_data/negative/480.wav,negative
481.wav,./raw_data/negative/481.wav,negative
482.wav,./raw_data/negative/482.wav,negative
483.wav,./raw_data/negative/483.wav,negative
484.wav,./raw_data/negative/484.wav,negative
485.wav,./raw_data/negative/485.wav,negative
486.wav,./raw_data/negative/486.wav,negative
487.wav,./raw_data/negative/487.wav,negative
488.wav,./raw_data/negative/488.wav,negative
489.wav,./raw_data/negative/489.wav,negative
49.wav,./raw_data/negative/49.wav,negative
490.wav,./raw_data/negative/490.wav,negative
491.wav,./raw_data/negative/491.wav,negative
492.wav,./raw_data/negative/492.wav,negative
493.wav,./raw_data/negative/493.wav,negative
494.wav,./raw_data/negative/494.wav,negative
495.wav,./raw_data/negative/495.wav,negative
496.wav,./raw_data/negative/496.wav,negative
497.wav,./raw_data/negative/497.wav,negative
498.wav,./raw_data/negative/498.wav,negative
499.wav,./raw_data/negative/499.wav,negative
5.wav,./raw_data/negative/5.wav,negative
50.wav,./raw_data/negative/50.wav,negative
500.wav,./raw_data/negative/500.wav,negative
501.wav,./raw_data/negative/501.wav,negative
502.wav,./raw_data/negative/502.wav,negative
503.wav,./raw_data/negative/503.wav,negative
504.wav,./raw_data/negative/504.wav,negative
505.wav,./raw_data/negative/505.wav,negative
506.wav,./raw_data/negative/506.wav,negative
507.wav,./raw_data/negative/507.wav,negative
508.wav,./raw_data/negative/508.wav,negative
509.wav,./raw_data/negative/509.wav,negative
51.wav,./raw_data/negative/51.wav,negative
52.wav,./raw_data/negative/52.wav,negative
53.wav,./raw_data/negative/53.wav,negative
54.wav,./raw_data/negative/54.wav,negative
55.wav,./raw_data/negative/55.wav,negative
56.wav,./raw_data/negative/56.wav,negative
57.wav,./raw_data/negative/57.wav,negative
58.wav,./raw_data/negative/58.wav,negative
59.wav,./raw_data/negative/59.wav,negative
6.wav,./raw_data/negative/6.wav,negative
60.wav,./raw_data/negative/60.wav,negative
61.wav,./raw_data/negative/61.wav,negative
62.wav,./raw_data/negative/62.wav,negative
63.wav,./raw_data/negative/63.wav,negative
64.wav,./raw_data/negative/64.wav,negative
65.wav,./raw_data/negative/65.wav,negative
66.wav,./raw_data/negative/66.wav,negative
67.wav,./raw_data/negative/67.wav,negative
68.wav,./raw_data/negative/68.wav,negative
69.wav,./raw_data/negative/69.wav,negative
7.wav,./raw_data/negative/7.wav,negative
70.wav,./raw_data/negative/70.wav,negative
71.wav,./raw_data/negative/71.wav,negative
72.wav,./raw_data/negative/72.wav,negative
73.wav,./raw_data/negative/73.wav,negative
74.wav,./raw_data/negative/74.wav,negative
75.wav,./raw_data/negative/75.wav,negative
76.wav,./raw_data/negative/76.wav,negative
77.wav,./raw_data/negative/77.wav,negative
78.wav,./raw_data/negative/78.wav,negative
79.wav,./raw_data/negative/79.wav,negative
8.wav,./raw_data/negative/8.wav,negative
80.wav,./raw_data/negative/80.wav,negative
81.wav,./raw_data/negative/81.wav,negative
82.wav,./raw_data/negative/82.wav,negative
83.wav,./raw_data/negative/83.wav,negative
84.wav,./raw_data/negative/84.wav,negative
85.wav,./raw_data/negative/85.wav,negative
86.wav,./raw_data/negative/86.wav,negative
87.wav,./raw_data/negative/87.wav,negative
88.wav,./raw_data/negative/88.wav,negative
89.wav,./raw_data/negative/89.wav,negative
9.wav,./raw_data/negative/9.wav,negative
90.wav,./raw_data/negative/90.wav,negative
91.wav,./raw_data/negative/91.wav,negative
92.wav,./raw_data/negative/92.wav,negative
93.wav,./raw_data/negative/93.wav,negative
94.wav,./raw_data/negative/94.wav,negative
95.wav,./raw_data/negative/95.wav,negative
96.wav,./raw_data/negative/96.wav,negative
97.wav,./raw_data/negative/97.wav,negative
98.wav,./raw_data/negative/98.wav,negative
99.wav,./raw_data/negative/99.wav,negative
